gene_ids,log2FoldChange
REG4,11.8928744977
B3GNT3,4.6067352491
FAM83A,5.4536370606
ENSG00000080031,5.6243381576
TMPRSS4,5.1277834533
AFAP1.AS1,6.0860787158
TFF1,11.2767426273
ADM2,3.5236974213
PYCR1,2.7738246355
ETV4,3.5955692754
TFF2,14.4074589211
ANXA10,9.7703249303
ATP10B,5.9512689121
GCNT3,5.7610979607
FERMT1,3.5480800177
FUT2,3.4003068646
GOLM1,2.5586467271
FEZF1.AS1,6.1040302847
ONECUT2,6.0817630061
COL10A1,4.3436176613
TMEM184A,2.8094779545
CST1,6.9597113535
PLEKHN1,2.9408494987
ENTPD8,4.9647015794
ENSG00000227066,5.5368868831
BCL2L15,3.9218039206
MMP11,4.877555212
FAM83A.AS1,5.1088991992
EPHA10,3.5401146977
NPSR1,7.7167889726
BAIAP2L2,4.5945551402
ABCA12,4.6851921775
LGR4,2.621893539
MIA,6.3181651748
MYEOV,6.0051474488
PSMD10P2,6.7167581762
ADAM28,3.1109600063
C6orf222,6.5083679333
CDHR2,5.9706813916
FER1L4,4.0562369346
RASAL1,3.7556895123
MYBPC1,6.9770424742
MMP1,5.7992157116
PITX2,7.1162327429
ENSG00000230650,4.0869242358
CA9,6.0419175115
KIF26B,2.7949161602
RHBDL2,2.734742092
TCN1,7.5670311849
MNX1,4.2498046679
EPS8L3,9.0819860613
UNC5CL,3.134789574
STX1A,2.9201343247
ARL14,7.1083292658
TUBB3,3.4488229588
UGT2B15,7.9733294271
IGSF9,3.0068562983
MNX1.AS1,4.5072092531
CBLC,2.9001136082
IQGAP3,2.6093859741
LINC01977,4.1203500249
TM4SF4,7.5121652446
MEX3A,3.2837379108
B3GNT6,6.02358187
DNAJC22,3.7968587076
MUC6,7.8152317374
PLEK2,2.8065069184
LINC02014,3.344331685
COL17A1,5.2514401048
SMIM24,5.7533830289
SERPINA4,9.5585466259
INAVA,2.4677572192
AKR7A3,5.1705120895
PERM1,2.7836165245
FER1L6,6.197149
AOC1,5.2551921439
TEDC2,2.3344890348
FRMD5,3.0972749691
SPINK1,6.3124369279
SPP1,4.2132692003
MUC3A,5.1282464478
ZFPM2.AS1,4.4799807781
LINC01559,7.9449671106
GREM1,4.0547130986
HNF4G,3.5620435412
PRSS3,6.195979052
CRABP2,4.2260086294
FOXA3,4.3143682117
BLACAT1,3.188684616
SAPCD2,2.6065911581
MUC13,6.5853949278
ADAMTS14,2.8304016029
STYK1,2.7180034036
ABCC3,2.6531620935
VIL1,6.4997075204
CTHRC1,2.9164240025
FEZF1,5.3472118456
PLPP2,2.2232914808
ENSG00000179066,5.2423183006
SPTBN2,2.1485012207
PDX1,10.0228697474
SALL4,3.2528884843
HS6ST2,3.261248657
TRIM15,7.256887923
ARHGAP40,3.8786968771
XDH,3.7461926163
LINC00511,2.4953199451
PRSS2,6.7643505783
GJB2,3.7921216993
TOP2A,2.508502807
ENSG00000205922,8.1232148605
NECTIN4,2.2096924142
PPP1R14D,4.8439107588
RUNDC3A.AS1,3.3403516465
CYP24A1,5.1619805758
RFLENSG00000178882,3.8598449819
STRA6,4.1840126368
E2F8,2.3775069952
ANKRD22,3.0188973056
ENSG00000259674,5.2353137465
ITPKA,4.384031352
PROM2,2.6058331851
EPN3,2.5959765805
UHRF1,2.3851995282
TFAP2A,3.3075071439
ANKS4B,7.3215068618
KCNN4,3.1722979263
SLC9A4,8.1173853866
CELSR3,2.8103966906
MROH3P,5.7173384532
FA2H,3.1938620169
LINC02535,4.5141667374
ONECUT1,5.6981997316
IL22RA2,4.2195192311
KDELR3,2.0470328712
MUCL3,4.7981041902
LINC01819,4.9824755916
TMEM63C,3.9347517375
GRHL3,3.1300105952
CLRN3,4.7365900737
DMBX1,5.5965272406
CCDC198,6.7726721853
FUT3,2.6094111601
ENSG00000204876,4.9694689372
NPC1L1,5.3848505272
TRPM8,5.3889231556
TMEM51.AS1,2.3592886938
ENSG00000256940,2.819916611
PITX1,4.1337974847
USH1C,5.6595501137
SPINK4,7.0977092048
DEPDC1B,2.5870469516
APOBEC1,8.3746562155
TM4SF5,9.9561125957
CPNE7,3.1248257775
ENSG00000260877,6.1947722637
SPAG4,2.1301088689
NR1I2,4.4179942812
ENSG00000259933,3.696502104
CEACAM5,4.8133479663
FUT6,4.4602196307
TFAP2A.AS1,3.0280937621
ZYG11A,3.7960798851
LAD1,2.1148587568
FAM177B,4.2281131059
CHST4,4.0519090168
COL11A1,4.4026998437
IGHG4,4.0261629588
PRB3,3.9202073827
DGCR5,3.1670224931
SPTSSB,5.1794635531
FOXD3.AS1,5.4776264533
DUOX2,3.9195883897
ENSG00000261123,3.7799363134
CLDN10.AS1,5.9613339474
GPT2,2.5693476396
PADI1,6.0373800437
MMP13,5.001078336
ADAM8,2.2820317955
EEF1A2,4.8566005103
KIF4A,2.3355995963
OTX1,2.585188669
NPSR1.AS1,5.8942352978
HIST1H2BD,2.2313046902
C11orf86,6.368691823
EFNA3,2.2106712432
GSDMB,2.1760232395
GABRP,5.1203416846
B4GALNT4,3.8785361635
GLB1L3,5.2777377341
BARX1,6.307821467
MUC17,10.4341097736
LRRC66,4.0473918508
C1orf220,2.4484068304
DUOXA2,4.5715373101
KIF14,2.3521474472
CDHR5,5.2965699649
ARSH,4.6159938041
LINC02416,3.9611736341
CAPN5,2.6197163821
HAVCR1,4.9024538029
RGS17,2.8693851219
NHS,2.4081493118
SLC2A1,2.707838203
KRT16,4.8566610368
SYT12,4.012622533
AKR1B10,6.5443221976
SLC17A9,2.7503542204
IL37,5.7302925892
ENSG00000263893,3.9245326213
ASPHD2,2.1449128901
RAB26,2.8003991385
FOXP3,2.0217678053
EFNA2,5.7252041422
ERCC6L,2.0894623889
PLXNB3,3.0195765481
IL1RAPL2,5.4188631916
DERL3,2.4495328063
LIPM,2.9575613209
TRIM31,4.1040162989
XRCC2,2.0832363442
KIF18B,2.4344840989
BARX2,3.5528769777
HJURP,2.3459820064
SLC24A2,4.0693346466
MDK,2.3201262105
FUT9,6.3067545147
ASPM,2.3248033725
DLGAP5,2.2956043369
CDC6,2.17473125
CENPF,2.1909230885
ENSG00000273132,3.0632670943
PLK1,2.0649109076
ANLN,2.3674639334
LINC01426,2.4195901997
SPDEF,2.9930485948
GPX2,5.2178263644
ACY3,3.005866412
BUB1B,2.1084666387
CDCA7,2.5039916889
PRSS1,6.4361205314
CDC25C,2.1723541703
NEK2,2.1969299627
ENSG00000217801,2.1931251268
TFR2,2.2601913248
ENSG00000259342,3.5998183905
LGALS4,5.5737152113
CEACAM1,2.0904147637
PIWIL1,6.4049132293
KLK6,6.3460842178
B3GALT5,4.958602536
AGMAT,2.1268604624
OLFM4,6.1042404731
S100P,4.4294480309
CXCL14,4.3972793337
CGREF1,3.3544355648
RHBDL1,2.6126211092
ZG16B,3.6175986873
FHL2,2.230719032
TNS4,4.0769751992
AGR2,2.8545991113
CDC20,2.2268352826
MELK,2.2041809558
PTBP1P,2.9205486727
BBOX1.AS1,4.4340526186
GCKR,3.8531359655
ENSG00000270933,2.9805135058
C2CD4A,3.3029960293
PAEP,5.8426026339
PODXL2,2.6119245044
LINC01833,5.9040782734
LINC02362,2.763253765
CDC37P2,3.684762204
PLPP4,3.5065863806
DQX1,3.7693930488
PSCA,5.3938263362
HMGB3,2.3170586681
FGF19,7.1382784122
IGFL2,3.6835837781
RAD54L,2.0466381633
GDPD2,3.0317933596
IGHV7.81,3.1683020691
CST4,5.6836784673
IGLV1.51,3.2215985122
LINC00896,3.0455080812
KISS1R,4.2211662206
GNB3,2.1537209262
ENSG00000235721,3.4791555706
CARD11,2.1737672991
ERN2,4.3477999161
F5,3.4379465821
TRIM54,3.9536575701
FAM155B,3.1312073215
TLL2,3.0180960706
CILP2,2.8188139545
IL36G,4.5961761094
KIF2C,2.0425659026
CPT1B,2.1972736827
INSL3,2.2217549591
ADGRF4,3.5654264999
HOXB9,5.8963923275
GAD1,3.2821136341
ABCA4,3.794256677
HTR3A,4.0430504737
COL1A1,2.5573677914
WASIR2,2.9573761539
ASPHD1,2.8419657863
ZPLD1,3.9658944986
ENSG00000172782,5.6843444916
FCRL5,2.8120504011
MKI67,2.0389904051
LINC02159,3.6472869262
GALNT14,2.841098345
AKR7L,3.2810283107
MIR4653,2.9424708967
AQP6,3.8443860204
PABPC1L,2.0928571043
GPR35,2.8484959276
UBE2C,2.3580861432
TROAP,2.1889704907
IGHJ3P,3.40041474
IGHV5.51,3.1250664702
SCN8A,2.5843184209
BCAS1,3.4751248551
COL7A1,3.0954518944
ENSG00000233539,3.5368555812
ENSG00000251138,4.9445410582
MMP12,3.4257420889
ENSG00000255624,2.3531965205
EXO1,2.0342143334
IGHGP,2.8964851442
SSTR5.AS1,6.6490807035
PSAT1,2.2369815301
MGAM2,4.4082769228
DEPDC1,2.1868176817
SYT7,2.5312731218
GJB4,4.4263040701
IGKV1.33,4.0474458574
NUF2,2.0432273111
ANKRD34B,4.5225993192
ENTPD2,2.7885850046
TPX2,2.0778774042
CP,2.8189838169
BCL2L14,2.2162354295
ENSG00000272141,2.4815834701
MIR194.2HG,4.5793474168
ENSG00000197670,2.3638828543
IGHV1.46,3.0207157367
LGSN,3.6399172847
IGHV1.24,3.3667806294
THBS2,2.3178750319
IGHG1,3.0222076042
IGHV3.35,3.1947474379
SLC9A3,3.0110775926
P2RY6,2.2508491027
ECEL1,3.9222195982
SERPINB5,4.7765412019
COX6B2,3.4312769442
IGKV1.8,3.2621443234
POLQ,2.0656455866
IGLL5,2.7454832746
VPS9D1.AS1,2.1757502653
ENSG00000256663,2.4734876028
ENSG00000278192,2.4609742488
ENSG00000260328,3.0710934395
CT83,5.7370577844
MIR3189,3.78749146
PLA2G2F,5.1673511697
DCST1,2.2272700421
ENSG00000272405,3.3979949758
TOX3,2.8626857142
NMU,3.3103044553
ALDOB,3.8779984266
LHFPL5,3.9156785104
IGKV4.1,3.0225374516
CIDEC,5.0697479398
RDM1,2.4212968523
LEMD1,2.9177129665
MROH6,2.0991379162
EN2,4.5295525586
BIRC5,2.0486714682
FCRL4,3.2755122272
TMPRSS11E,4.0502607063
DMRTA2,4.6821690089
NKX1.2,5.6390542234
CDH17,4.353238405
VILL,2.3207452142
ENSG00000272068,3.9545082949
DNAJC12,3.1037919604
IGKV3D.20,2.9744363787
LINC00342,2.8845637797
SBK1,2.1881363489
ENSG00000256443,2.8970085737
LYPD1,2.7770808189
IGLV1.40,2.8159265408
TSPAN8,3.4892999456
BIK,2.0426396983
ENSG00000246982,2.1049135661
TEX11,3.3495913286
TESC,3.3919253892
SLC7A10,4.2559200819
TBC1D27P,3.0125706061
OVOL1,2.2168970557
LINC01711,3.5723862726
RNF183,3.7260034422
ENSG00000229970,4.1438753272
COL22A1,3.0016093077
IGHV3.52,3.0748679312
BMP8A,2.1481336171
SYT2,3.0432754776
KLHDC8A,2.7054059471
IGHV3.33,2.9844150873
TNFSF11,3.2490251847
ENSG00000255345,3.9646267524
LINC01978,2.9435563611
SGK2,2.6641739006
IGKV1OR2.108,3.0668559998
TERT,3.8088882144
TMEM171,2.9730225345
LINC02474,4.1575084535
IGKV1.9,2.9258626559
SLC22A18AS,2.1416315498
IGKV1D.33,4.56288475
BCO1,2.7933029423
MMP10,3.7350595502
ST6GALNAC1,2.4874854634
HIST1H2AI,3.4364418112
IGHG2,2.7323798005
ENSG00000174171,2.7297313377
IGKC,2.7163187803
IGHV2.26,3.2521513031
SLCO1B3,6.1646870509
CXCL13,3.030563216
IGHV3.71,2.9757422161
LINC02657,4.0001875074
IGKJ5,3.1711451685
IGHV3.23,2.7416352731
ENSG00000272666,2.1050163628
FOXI3,5.2622113969
PRAME,4.6405018523
MSL3P1,2.0196259079
MUC5AC,5.792527331
IGHV1OR15.9,3.1808185616
IGHV4.34,2.8773997055
MESP2,2.9011836912
RASSF6,2.1586137369
CKMT1A,3.0217284999
ENSG00000274993,4.5820196379
HOXC13,5.9237960524
ENSG00000260015,4.1157100128
NGEF,2.6132466683
ENSG00000228037,2.1716266924
GOLGA7B,2.3097541062
NETO1,3.7182616534
IGLV3.21,2.9016664221
PGLYRP3,5.0795473436
ENSG00000250258,3.9949314154
RHBG,3.1015218335
LINC02576,2.5537310871
CEACAM7,3.6769801553
VSIG1,4.2646427079
XKRX,2.5802045962
METTL7B,2.400999916
ENSG00000229167,2.9896783074
ENSG00000254988,3.6160433301
ENSG00000229953,3.077362548
IGHV3.43,3.1073527187
ENSG00000223931,2.918642732
ALB,4.9385409423
ENSG00000253258,3.6237917913
SRPK3,2.543423076
SLC9A2,3.5875685898
IGKV3.15,2.7263045622
UGT1A10,8.7571554822
LY6D,4.5762734874
IGHV3.15,2.7930683239
ZIC2,4.4520322937
SLC2A5,2.1619813516
KIAA1211,2.1181117574
LINC01614,2.7202357776
ADAM12,2.3208373813
SLCO5A1,2.3855642102
COL3A1,2.1260219973
LINC02122,5.083714213
KRTAP4.1,5.3862099749
ENSG00000279878,3.4632864802
HOXC.AS2,4.3749121573
IGHJ2,3.0090395586
HOXC11,6.0154527617
PLA2G2C,2.9307945471
ITGB4,2.1548355543
IGHV5.78,2.6068446822
SLC15A1,3.7956940859
PROC,3.1108935907
IGHV1OR15.2,3.2773703331
ALPK2,2.6117881593
IGHA2,2.7391918484
ENSG00000275437,2.0332627292
IGHV4.39,2.822569454
PRR5.ARHGAP8,2.0937643778
IGHV1.17,3.4833801353
PGLYRP4,3.4557773232
ANKRD36BP2,2.8115807523
CKMT1B,2.9845477161
MYBL2,2.200702874
IGKV1D.8,2.8884648653
ITPRID1,4.5519983632
IL22RA1,2.7622457485
CELF5,2.9852719396
IGHV3.79,2.8321767749
CASKIN1,2.761582825
ENSG00000273443,3.3138196023
ENSG00000248347,4.176106145
GJB3,3.3366431455
IGKV3D.11,2.7196485663
IGKV3.11,2.5613914845
ENSG00000227619,2.8833380458
IGHV3OR15.7,2.9841412171
IGHV3.25,3.2689112361
ENSG00000234425,3.5832089472
MAST1,2.1551284677
TBX15,2.6896059627
LINC02332,3.4620714314
MUC5B,4.1048375163
IGHV3.11,2.7856674869
HPCA,2.1395979658
EPHX4,2.2579146271
TBXT,5.37422196
IGHV2.5,2.9616302589
ENSG00000197476,3.3175692078
MIOX,3.5582287548
IGLV4.69,2.9291892151
SIX1,2.3219305817
STK32A,2.0649320055
PCP4,3.9760575535
RAB3B,3.4566876888
FGL1,4.4407072964
ENSG00000232725,2.1178732986
CA10,5.4603026952
IGHG3,2.6796545946
SYT16,3.3016294144
CCNE1,2.0291048524
ENSG00000267709,2.6964321101
IGHV4.55,2.5461838978
AK4,2.1373089636
PLAC1,3.5481944893
MNX1.AS2,2.9589986573
CHRNA6,2.2403110285
DGCR9,2.5767158775
ALG1L,2.32039826
JSRP1,2.6143403437
IGLV2.14,2.6340598956
IGHV3.41,2.8051973161
F12,2.0121731372
ENSG00000249007,2.2976309319
IGKV3.7,2.7158296951
SYT13,4.5844982901
ENSG00000234805,3.952939488
PPP2R2C,3.7959509339
SCAT8,2.8244520057
IGHA1,2.5239950873
ERFE,2.7526036959
GPT,2.4171770158
HOXC10,5.1214368824
ENSG00000260963,5.8347444465
ENSG00000233221,4.1928453994
ENSG00000253616,2.1235196979
IGHV3.76,3.2161524398
HNF1A,3.9300121108
IGHJ1,3.4051615915
ITGA11,2.2139851705
GTF2IP7,2.49118128
CIT,2.3637701415
KRT15,2.6527510692
IGKV3OR2.268,2.8035246816
LINC02678,3.371014055
IGHV1OR21.1,3.1047429912
IGHE,3.2634873641
IGKV1.5,2.624899474
ENSG00000248538,3.417887519
LINC01597,3.67607524
MOGAT2,3.4232356255
IGHV3OR16.13,2.8668298577
IGKV3D.15,3.0020169015
IGLV1.50,2.772833596
TNFRSF18,2.0941223499
ENSG00000257443,3.2829987618
IGHV3OR16.8,2.8622455279
ENSG00000267073,5.2091632022
IGLV6.57,2.8325746247
FGF11,2.3018568967
COL6A4P2,2.2086648401
ITGB2.AS1,2.1190452597
ENSG00000278912,4.5729120791
TMEM82,4.4119436275
ANKRD40CL,5.0666257267
LINC02086,3.5798019576
IGHV1.58,3.0719485355
IGKV3D.7,4.0099702854
IGHV1.67,2.7976832975
HNF4A,4.183379698
CPXM1,2.0324089078
RTBDN,4.1024519739
IGHV3OR16.9,2.7819266104
ENSG00000232884,3.0208651619
ENSG00000281179,4.4747965209
PCMTD1P3,3.4260146751
MELTF,2.3040266924
BEAN1,2.1513945705
IGHV1.14,3.105468676
MAP7D2,2.6406365487
IGLL1,3.2428992958
TMEM238L,5.3840447445
HOTAIR,5.8481011665
ENSG00000267077,2.0328460889
KRT20,5.9211004964
IGHV3.13,3.0463880289
RAET1L,4.8218326176
WFDC3,2.5696074549
IGLV2.8,2.6805565404
SPP2,4.5394993769
POU2AF1,2.1507030916
BRDT,4.7168309099
UGT8,2.4427701044
RTN4RL2,2.2906628882
LCT,3.8547836955
MZB1,2.2952257216
LINC02473,3.7437530906
IGHV3.62,2.8455082677
CDH3,2.2406451131
PAX7,6.3064066095
CNFN,2.0974078822
ENSG00000218274,4.158727022
ENSG00000262884,2.2470344959
IGKV1.27,2.6790195445
SLC25A48,3.9062502573
IGHV3.19,2.6917090592
IGHV1OR16.1,3.4251476987
LINC02544,2.8522466061
LINC00461,3.895540507
PTGES,2.0026809601
CASC16,4.0736083122
GDA,4.1202895927
ENSG00000261104,3.06026692
PDE11A,2.5641574683
FCRL2,2.3847513921
ENSG00000224585,3.2889474673
MMP3,3.1896621424
YWHAEP7,3.1332012867
FAM83B,3.6195083226
RPSAP52,4.1951037306
CLDN10,3.3138138752
IGHV1.2,2.8176277718
ENSG00000270977,2.6710525959
SOX11,3.7749359888
IGHV4.28,2.4859274007
IGHV3.22,2.9812320068
ENSG00000258760,2.4663761668
ENSG00000272763,4.0291603898
CPHL1P,3.1927931487
IGHV3.64,3.1889955857
IGLV3.12,3.048361121
ENSG00000279806,3.3711972879
IGLV2.28,2.7699008696
ENSG00000279427,2.63840362
ENSG00000272328,4.2570485454
IGLV1.47,2.5047583567
MYBPC2,2.2817107943
IGHV3OR16.6,2.9735007198
RNF186,4.0006130261
ENSG00000253525,2.7775574384
ENSG00000278399,3.3620054922
IGKV1D.16,2.8203184086
B3GALT5.AS1,3.9814193751
STEAP1,2.0023584475
IGKV1D.39,3.4097878207
IGHV1.18,2.6182110874
IGKV3.20,2.4331215285
CASP1P2,2.4346944631
IGLV4.60,3.2054401952
NTSR1,4.0165820911
IGHV3.30,2.4364938011
IGHV3.75,3.1382574998
ENSG00000278876,2.0076692553
CYP2C9,3.3843917879
IGHJ3,2.5184468333
IGHV3.53,2.5343905859
IGHV4.61,2.6848274301
ENSG00000225489,2.1798453056
LINC01460,2.824226092
ENSG00000090932,4.1591279262
SP8,4.917457951
IL17REL,3.0173865266
LGALS9C,2.9915526228
RUFY4,2.3597712265
ENSG00000259680,2.8182452036
ENSG00000263711,4.3962800868
ENSG00000105696,3.4126940017
ENSG00000230882,2.5607240394
GREB1,2.3602760596
SOX21,3.4068698456
IGLV3.1,2.5748972504
IGHV3OR16.10,2.9941930626
HHIPL2,3.4300728622
LINC01979,2.6167269056
SULT1C2,2.4370903515
MCIDAS,2.3222723667
IGKV1OR22.5,3.0755896517
IGHV3.47,2.525059743
ENSG00000253339,3.4834854901
ENSG00000220154,3.7299975208
NRK,2.9815760854
IGKV1OR2.11,3.3348089514
SPINK13,3.2812825397
ENSG00000254558,4.0049502267
HSD17B2,3.2471705986
FAM3D,2.9924573615
FAM131C,3.2235556075
HMGA2,3.9620469008
CRYGN,2.7262775851
SLC16A9,2.7728729267
CNTD2,2.5413392503
IGKV1D.27,3.3478655349
HORMAD1,3.5118883247
ENSG00000271375,2.8798495248
SALRNA1,2.9555489158
LINGO1,2.2982573276
CYP27C1,2.5218384145
ANK1,2.336417603
TMEM132E,2.1537233168
C6orf141,2.2082842853
POF1B,2.5855280237
IGHV3OR16.15,2.7882536772
ENSG00000272954,2.5374276074
AKR1B15,3.9603416914
GNGT1,4.1859127305
IGHV3.60,2.6222701443
IGHV3.42,3.0792556598
CCDC185,3.4444542032
IGLC3,2.3425642607
ENSG00000278263,2.7172172714
IGLV3.32,3.6786384739
IGHV2.70,2.7341053065
BCL2L10,2.9813828864
KRT89P,2.5745216672
SLC28A2,4.0536769335
HPDL,2.3118821766
IGHV7.27,3.0164736069
CALML6,2.5372775105
LCN2,2.6846158502
APCDD1L,2.9157147875
NELL1,4.5912386575
ENSG00000261116,3.3153655487
CHRNA5,2.2330205588
HOXB13,5.2269975821
ENSG00000225680,4.0047419359
CLDN2,3.696366449
ENSG00000255545,3.1889209257
ENSG00000280114,3.7013997567
NARF.AS1,2.1611875583
IGHV1.69D,2.6219392574
PPIAP45,3.2057494011
ENSG00000255050,2.392436518
LRRIQ4,2.4305404706
MOGAT3,5.267023877
ENSG00000255366,2.13138671
ENSG00000260710,4.3072803164
IGKV1.39,2.9939049781
PRAMENP,2.9206020502
IGKV1OR22.1,2.9275551588
GC,7.4511929597
ESPNP,2.899565806
CARD14,2.1010634162
B3GAT1,2.6569590877
IGHV1.45,2.8582428711
IGHV3OR16.11,3.2537630542
CAPN8,2.0530545441
KRT6B,4.4844600147
FCGBP,2.3899890022
IGKV2D.29,2.7693626601
IGHV3.66,2.4951815777
LINC01705,3.0935297434
IGKV2D.28,3.811171749
IGKV7.3,2.9328530835
EGLN3,2.1606953007
IGKV6.21,3.0055251177
LRRC37A9P,3.0742558333
IL31RA,2.7346759086
COL9A1,2.7403127708
IGHV3.63,2.3428779347
TNFRSF17,2.1495187981
IGHV1.3,3.050891036
A1CF,4.2579447454
MYO3B,2.7538190194
SOX21.AS1,2.9547924592
ENSG00000226330,2.0825038946
ENSG00000261762,2.4224095936
ENSG00000236908,2.7408330396
LTF,2.6985893753
SDCBP2,2.2267461494
FAM30A,2.1960672493
POU3F2,4.259239867
ENSG00000270460,3.6982752559
LINC00862,2.6332289697
IGHV3.7,2.3980374159
IGFL1,4.2501712667
IGLV3.29,3.8103611137
ENSG00000265579,3.4336379252
IGKV2OR22.4,2.7071259408
ENSG00000235350,3.6634005195
ENSG00000229312,3.8778438457
IGHV1.12,2.693521665
NEIL3,2.0289962193
MUC21,3.1196603952
ENSG00000261502,4.8429299668
LINC00941,3.2009362426
IGLV7.46,2.4970929285
C15orf48,2.2163399809
TRIM51BP,4.6777772443
LRRC31,2.787560325
ENSG00000242078,2.6940941431
IGKV1OR2.6,2.8966399517
GUCA1A,3.4242410448
CDC37P1,2.9938284456
GRIN1,2.1931582636
ENSG00000249743,5.3044333972
HNF1A.AS1,3.4028947293
ENSG00000197099,2.3293095367
C8orf74,5.5313273668
TFF3,3.2561641405
PODNL1,2.0813822852
HABP2,2.8355806827
IGLV3.9,2.6695266923
IGHV4.59,2.4209988992
LGI2,2.0123114609
MB,2.2615215458
HOXA10,3.1173514188
BARX1.DT,5.2932062277
IGLVI.70,3.1662731455
ESPN,2.0945451114
MC5R,3.7430600432
IMPDH1P8,2.1296091987
IGHV3.49,2.4557825348
TPSP2,4.7636903804
CD19,2.1328302752
DLX3,2.3528593695
ENSG00000218617,3.7223919357
IGLV3.10,2.6990751999
SLC7A11,2.3721822712
RNU1.106P,2.372445316
ENSG00000256050,2.3614700192
TMEM156,2.0006532631
ENSG00000273272,2.1262951775
TLX1,4.8899455457
IGKV1.13,3.280600773
COCH,2.4308301444
FOXH1,2.7939150166
IGHV3.48,2.4296729613
IBSP,3.1252914677
IGKV1OR9.2,3.6080328075
PRKCG,2.8486356347
IGHVII.78.1,3.3697476448
LINP1,3.8526192815
IGLV3.19,2.4236092605
LINC00628,3.1279714269
IGLC2,2.1228033128
IGKV1.6,2.3080460419
ENSG00000231081,2.472105442
SERPINB4,4.7464534229
IGHV4OR15.8,3.0435281419
MMP9,2.0301229104
IGLJ2,2.4387529479
ENSG00000246465,2.1866554266
ENSG00000274979,2.6827715736
KIAA1549L,2.2987744224
VSTM5,2.047846538
IVL,3.8956067999
UNC93A,4.6386806382
SULT4A1,3.5801599773
IGLV3.16,2.7306880676
IGHV4.4,2.7571547496
IGKV1OR2.9,3.3976650734
LINC02003,3.4277575423
SSTR5,5.250061822
SERPINA5,2.9545106123
LINC02133,3.874513346
TINAG,5.4457096078
LINC00525,2.6866989883
BHLHA15,2.0957684669
SLC1A7,3.2182899378
YBX2,2.5952788754
LINC01133,3.3633386194
DEPDC7,2.1012520317
ENSG00000278635,3.0467448643
MTND4P20,3.6712992103
POU4F1,3.7684918514
IGHV3.21,2.3549271765
SCUBE3,2.2040492528
ENSG00000230107,2.1886078023
FSIP2,2.6533752736
IGKV1D.12,2.9885543025
IGKV1.17,2.3848998389
SH3PXD2A.AS1,2.6170700898
ENSG00000246528,2.5611500473
IGHV1OR16.3,3.4009885244
TFAP2D,5.4944499555
SLC4A11,2.0368830862
ENSG00000218048,2.8087566816
TPTE2,2.3882452427
IGLV7.43,2.4053371252
IGKV2.28,2.9769385978
HOXC13.AS,4.9593223475
IGHV3.50,3.5623127653
CHRNB4,2.3399069986
ENSG00000272825,2.3824239423
IGKV2OR22.3,3.0628196191
ACHE,2.3299115297
XXYLT1.AS2,2.4559698082
CDX2,4.7392917576
DOK5,2.0295248156
MIR924HG,2.3671169247
LINC01281,2.1625066828
SOX9,2.0838053723
IGKV1.16,2.4740848865
KIRREL2,3.2403734852
ENSG00000261266,3.0202897368
IGLV2.33,2.8167057327
KRT23,3.5385462311
ENSG00000253364,2.297366229
PRSS50,2.4338813623
ENSG00000258077,3.1143282923
CGB7,2.0856060939
NQO1,2.034157101
NLRP3P1,3.4896080673
ENSG00000231331,2.756775206
ENSG00000253408,2.891108036
IGHV3.20,2.5624592947
C12orf42,2.3034291305
ENSG00000253666,3.3271264218
ENSG00000179031,2.5288343463
KCNJ10,2.1068931331
IGLV2.23,2.2937600217
IGHV6.1,2.6020596452
ENSG00000279286,2.7432859951
LHB,2.1672886849
FAM172BP,2.4514295637
IGHV3.72,2.4642081977
IGLJ1,2.9801341138
ENSG00000260604,2.5895728613
GJB5,3.0631264196
RPL23AP77,3.0545223093
ANKRD36C,2.4620606016
ENSG00000242136,2.8486885859
IGKV2D.40,2.8601901542
HCAR1,2.4301200516
SLC13A5,2.8639981925
CRLF1,3.1080453827
CALHM3,3.1144176932
IGSF9B,2.1574608751
CNGA3,3.3887721035
UCN2,3.1483715635
IGLV2.18,2.4769623342
IGHV3.36,3.155965877
HOXA13,5.36703718
NXPH4,2.7192084727
COMP,2.3719869279
ENSG00000257588,2.9893351056
VSX1,3.0135987906
ENSG00000232850,2.3105719673
IGHV1.69,2.6661044589
PCAT7,2.0767776024
SPRR1B,4.3228194307
FOXB1,3.3586486584
SMIM31,2.8907666889
ENSG00000224220,2.1987135666
TEKT5,2.012667956
CYP4F23P,4.0935606812
ENSG00000253931,3.3923562177
DUSP9,2.9827366075
DISP3,2.5343065588
LGALS9B,3.0123428664
OACYLP,2.228398599
IGHV2OR16.5,3.871300161
LINC02188,3.7654085845
MANCR,3.6692648592
CD79A,2.0088042526
LINC00582,2.1617531573
ENSG00000240040,2.344739709
ENSG00000235563,3.2122138502
MIR148A,2.9610316204
HGD,2.6907874909
PHGR1,4.4537878648
IGLV2.5,2.5710673374
AMN,2.1225995841
IGLV1.41,3.1033468929
ENSG00000260658,4.1686316589
SPERT,3.7065036623
WTAPP1,2.4537035544
IL36RN,3.5760860933
SULT1C2P1,2.7678106629
NMNAT2,2.4659842658
CNGA1,2.1416890896
CDKN2A,2.3732236727
PDIA2,3.1310764309
HIST1H2AM,2.8301106265
MTNR1A,3.542044238
CPNE4,2.0579768283
KCNMB2.AS1,3.2256174467
IGHV3.6,2.8735616727
UGT2A3,6.2433553366
UPK3A,2.5860545293
ENSG00000260777,3.2440419381
STPG3.AS1,2.1769242256
CNGB1,2.313430754
IGKV1OR2.3,2.8990688732
GPR87,2.9704527128
LINC00524,4.1525501016
TRIM10,3.2616257788
IGSF1,2.5691863062
IGLV3.25,2.2498545985
SPIB,2.0361867475
TTC24,2.0051223631
SMOC1,2.9981858679
IGKV1OR10.1,2.6776844161
ENSG00000258878,2.6343236977
IGKV3OR2.5,4.3298503097
IGHV3OR16.12,2.5700675626
GTSF1L,2.8132506607
ENSG00000261583,4.696036967
PLD5,2.6435795618
DIPK1C,3.2340980685
UCA1,3.2410691548
C5orf46,2.1781854381
TSHR,2.123926706
ENSG00000223829,3.6393341102
KIF5A,2.2575392868
ENSG00000254367,2.83447513
IGHV3OR16.7,3.3666466503
VTCN1,2.7484470074
PRDM12,2.4245475652
ENSG00000277840,2.3682452395
ENSG00000238273,2.2311031257
CLPSL2,3.3825601969
IGLL3P,2.7969885429
ENSG00000281097,3.5742406647
SIX2,2.663962578
CYP2C18,2.618377621
ENSG00000227496,2.1214203792
GJB6,3.1592296702
A4GNT,2.1794382935
GLRA3,2.9087135104
MUC4,2.2518526555
KRT17,2.8028881886
ZIC5,4.6202876841
STK32A.AS1,2.2821765102
HAGLROS,2.3149210987
MYBPH,2.9634447765
HIST1H1PS1,2.9958088791
ALDH3B2,2.0767770513
ENSG00000274356,2.4571484171
IGLV5.48,2.6639449474
EHMT2.AS1,2.3828386033
FGF20,2.7460121982
COL6A4P1,2.6791761399
ENSG00000268460,2.4766138058
PTPRZ1,2.76855146
GREB1L,2.1370649632
IGLV5.45,2.4432408755
ENSG00000268812,2.1091067786
SAA4,3.0056390506
ENSG00000229178,2.1127185725
KIF12,2.037451152
C12orf56,3.2341215225
ENSG00000253796,2.5200901732
REG1A,5.6862758793
CCL25,2.678719633
IGHVIII.51.1,3.045980744
ENSG00000271275,3.4184578805
MMP7,2.2911554673
MIR429,2.0570272152
AIRE,2.2923964738
CST2,2.4286997147
KRT6A,3.6158952923
DLK1,5.6112196674
ENSG00000258386,3.0922772162
ENSG00000233542,2.0228235154
ENSG00000249746,2.5269834415
ENSG00000273203,2.364692424
ISL1,4.2272200995
IGHV2.70D,2.6872707596
ENSG00000171246,2.9552526606
ENSG00000278954,2.2973453172
IGLV2.11,2.0923340529
CA7,2.6687534255
ENSG00000232298,2.5412478527
ENSG00000254348,2.3535447284
IGLV1.36,2.4251582606
SLC6A11,3.2489851235
FCAMR,2.2663655925
ENSG00000231892,3.3824437986
DIRAS1,2.0483585594
ENSG00000263680,2.9957699265
CABYR,2.165481627
ENSG00000231150,3.0701093949
ENSG00000204362,3.7976276205
IGLV5.37,3.11908161
IGKV2.30,2.2531088523
IGFL2.AS1,3.5042910215
ENSG00000244620,2.5168240232
SALL1,4.2507622833
ENSG00000244503,2.7853959341
NUS1P2,2.9392958945
LINC01659,2.7153902791
LINC00634,2.6404649051
KCP,2.0495527108
MYOM3,2.2189477797
MYO1A,2.405177218
HOXC.AS3,4.7525677558
LINC00629,2.63256984
BPIFA2,3.1773836074
LINC02422,2.2555875069
ENSG00000248409,2.6084322263
NKX3.2,2.8002861297
HMGB2P1,2.1283391228
STRC,2.5391379779
IGHV3.37,2.6904260478
ENSG00000227755,2.6820388845
SPRR3,4.4579719108
LINC01781,2.1513977556
ENSG00000224739,3.7472710034
IGFL4,2.4816669235
ENSG00000273297,2.1467485879
PNCK,2.3584649268
CASC8,2.5889320721
IGLC6,2.0316869893
IGHV4.31,2.2477158215
ENSG00000248571,2.4395568449
IGKV2D.30,2.9114721919
IGKV1OR2.118,2.7840523353
ENSG00000250167,3.5827632314
IGKV2.40,4.3665763501
CREG2,2.4006182373
ENSG00000230699,2.6552658562
MUC16,2.7143612533
IGKV1OR1.1,3.1390220655
MIR4537,2.8477498432
ALKAL1,2.1985129246
HOXD4,2.7746879642
IFNWP19,3.5776223176
SPTB,2.2437560303
RNU6.418P,2.0821798187
SAA2,2.5947245585
LINC02562,2.0530880984
ENSG00000243885,2.1341029645
DRAIC,2.7953289227
ENSG00000260253,3.2156594988
EPYC,3.1683009529
LINC00160,2.7052429233
IGHD3.3,2.9136410304
MIR5195,2.4029521624
LEMD1.AS1,2.3414090424
ENSG00000274372,2.2611913086
MEG3,2.1975581857
LINC01842,2.5463301927
IGHV3OR16.16,2.8808985566
AVPR1B,3.3748192865
KRT83,3.5757383009
ENSG00000259162,2.359126487
MIR31HG,3.3691650081
VAC14.AS1,2.0040330888
LHFPL4,3.3904418614
ENSG00000234715,3.0334410686
MC4R,2.8944832948
LYPD3,2.1051693921
CASR,3.8091670844
ENSG00000248596,2.5342901731
MIR135B,2.7637552674
ENSG00000255847,2.2046563753
STPG3,2.0191983757
SYNPR,3.5294760303
ENSG00000238129,3.7423719495
CAMK2N2,2.2868403199
ENSG00000166104,2.5778503516
IGKV1.37,3.112101003
HTR1D,2.2611563674
PIK3C2G,3.3617648175
GFAP,2.176706154
IGKV2OR2.1,2.8974864834
ENSG00000229162,2.2178375889
ENSG00000236947,2.5565794455
HIST1H2BG,2.4078859581
IGHV1.68,2.7797704643
ENSG00000224387,2.7373397063
LINC00866,2.4558160105
CDK8P2,3.9073084026
CECR7,2.0782464266
CHGB,3.1758612445
CTSE,2.4003908035
GFRA3,2.7426821035
NKAIN3,3.8006476375
HMGB3P6,2.5823395097
IGHV1OR16.4,3.3645698086
GLYATL2,3.5095194852
LINC01993,2.0826007081
LINC01926,2.9888315397
HIST1H3J,3.0801289112
UMODL1,2.5819634053
LHX2,2.9246240555
C20orf197,2.2692764664
IGHV3.65,2.7941224809
IGKV1D.37,3.4054589996
ENSG00000228874,3.2889561623
ENSG00000272808,2.1727748326
TAS2R2P,2.8850914507
ENSG00000249001,2.4492956669
LINC01561,2.8415775947
LINC02324,2.7239499623
ENSG00000180806,2.4963507927
ENSG00000261687,2.3368954003
AQP5,2.7948516037
KLK8,4.2987958718
ENSG00000258053,3.8919955831
GJB1,2.4045645321
ALOXE3,2.0181209382
LINC02313,3.4590101628
RHOV,2.0587027975
PTHLH,2.1212401546
GCM1,2.3378495165
CAPN6,2.8853632507
ZNF695,2.1730436272
IGLV2.34,2.1723185065
NPW,2.7161705221
ENSG00000258837,4.3382334589
ENSG00000281550,3.1318840597
C6orf15,4.4200989463
EGOT,2.1930603139
DLX6.AS1,3.291179614
GRIK2,2.131995195
ENSG00000260597,3.2759021991
RNU6.1161P,2.288415404
SEPT12,3.0754733452
ALG1L5P,2.1788927039
FDCSP,2.5725630738
LINC00494,2.11866325
PKHD1,2.2291039202
CYP3A5,2.1952213194
TUBB2B,2.4173561071
NR2E1,3.3122457905
PNMA3,2.2564897744
CES5AP1,3.2604328311
IGLJ3,2.7849835102
ENSG00000271969,2.1544844476
ENSG00000270919,3.3090155802
ENSG00000225857,2.5483623715
IGKV1D.17,2.7992570746
ASNSP3,2.7298751355
LINC02560,2.0187418508
LINC00659,3.8349967865
ENSG00000272202,2.2677829602
CNNM1,2.1891398038
IFNE,3.2669830787
HNRNPA1P27,2.0312623813
ENSG00000266869,4.1365014482
IGLJCOR18,3.6297865816
IGKV1OR.2,2.6886360442
ENSG00000254548,2.5045227314
ENSG00000251144,3.0141456764
MIR4539,2.5136349013
CYP2W1,2.8592983684
LINC01269,2.1083800009
C1QL2,3.7140743617
EMX1,2.7719332121
ENSG00000255910,2.6089104974
IGHV7.56,2.2609035812
ENSG00000275620,2.300642828
CASC9,3.3218666016
IFNG.AS1,2.163162488
IGHV1OR15.6,3.3983043236
FRGCA,2.5572452664
LINC02398,3.1357516431
SAA2.SAA4,2.8742979521
NANOGP1,2.7915662301
FAHD2P1,3.9175401859
IGLV10.54,2.3670998371
METTL11B,3.1428345989
ENSG00000256482,2.9607895683
OR51E1,2.008652972
BECN2,2.9630896774
LINC01234,3.988155751
ENSG00000226668,3.6696296038
LINC00858,3.3892612509
MSLNL,2.771284018
ITIH6,2.8910031724
IGFL3,3.7618088161
OMP,2.3727990575
CASC19,4.430333167
IGKV1OR.3,2.8669774899
SMPX,2.5995742083
ST8SIA2,2.5431670727
HIST1H1D,3.028601477
LINC00479,2.4673091236
FGB,3.9762034373
HGFAC,2.2428781318
SLC39A5,2.3469536301
CACNA1E,2.0784106438
IGHEP1,3.0727060976
GCGR,2.8180719727
TAC4,2.1480475881
NPIPB13,2.0544058982
ADGRG7,4.4510111058
ENSG00000276434,2.1203539015
COL25A1,3.1250632423
ENSG00000255774,4.3265876374
ENSG00000235939,3.0050235452
IGHM,2.0749055366
LINC01983,2.3567595711
ENSG00000237588,2.5454366927
ACTG1P22,2.5266539565
LINC01436,2.3998623519
KHSRPP1,2.2677962019
KCNH8,2.1547209362
ADGRF1,2.1684426284
CGB5,4.7163304723
BOLA2P3,2.2798384515
CD1A,2.2309225593
IL20RB,2.1970356063
TRBV23.1,2.1661664668
BPIFB4,3.5996873267
SYT8,2.1696939158
ENSG00000237594,2.3003358152
MUC2,3.3296596972
SERPINB7,3.258167973
SYNGR4,2.4538721882
DSCAM.AS1,5.8346432441
ENSG00000255595,3.5795467108
TMEM88B,2.3172425709
MS4A1,2.0117504707
TMEM249,2.0946141557
PRSS46P,2.1688100012
IGFL1P1,3.5248118317
GDNF.AS1,2.3083946989
ENSG00000237453,2.1909133022
MYH6,3.1501876207
UGT2B11,4.282362219
ENSG00000251152,2.1635231285
MIR4538,2.4705017909
IGLV3.6,2.8553532318
LINC02253,4.544513737
RBFOX1,4.2666676104
LINC00707,2.7331721154
GABBR2,2.3860325482
ENSG00000279511,3.7902693538
LINC02245,2.2095612178
MAFA.AS1,3.0137399929
LYPD6B,2.1195602929
ENSG00000222881,2.4144815547
ENSG00000222032,2.3477154907
S100A2,2.03092126
CRABP1,2.9635707857
ENSG00000228613,2.1749361809
IGKV6D.21,2.455999739
ENSG00000254364,2.5627561695
ENSG00000262528,2.1103318529
IGLV5.52,2.0592068593
LINC02227,2.2400280475
C2orf72,2.1256351755
ENSG00000226172,2.7871819261
ENSG00000272438,2.6336542964
LHX5,3.5879679664
ENSG00000224717,2.2921767637
IGLV9.49,2.2170309272
ENSG00000274730,3.4417774085
OR2B6,2.454729367
LINC01529,3.1460158925
ENSG00000259203,3.922581313
SPINK5,2.1921031266
FAM83F,2.0770592962
NKAIN4,2.1361987037
NRAP,2.0210355859
BPIFA1,3.2679239298
ENSG00000225385,2.6231775462
IGHV3.54,2.7387311603
ENSG00000266976,5.0399281208
CDH20,2.2442793099
LINC00887,2.2481062889
IGF2BP3,2.0160176245
ZNF488,2.2465219243
NKAIN1,2.3717880552
PDZD3,2.1674184119
BCAS2P2,2.2398686759
IGHJ2P,2.7817547276
LINC02594,2.9201317017
IGLVI.63,2.4642299836
ENSG00000265121,2.2555789291
IGHD3.22,2.8960895073
CLCA3P,2.5288100667
OGDHL,2.318812604
ENSG00000274444,2.0153496477
BAAT,2.303243467
HIST1H2APS3,3.0827980865
IL17C,2.4453577616
MRPL15P1,2.9780224789
AGMO,2.2328709587
FANCD2OS,2.1370688772
HOXB.AS4,3.8753771532
PADI3,3.7549348087
IGLC7,2.1529528898
TTLL11.IT1,2.4987889927
SNRPCP1,3.7384213759
HOXB8,2.7026788788
PCSK1N,2.0415510688
ENSG00000263745,2.6535423042
ENSG00000268108,2.5874213712
SATB2.AS1,2.1912192846
CD207,2.213561066
TBX10,3.0454765099
FAM83C.AS1,2.0222003444
TPRXL,2.3452157653
IGLV8.61,2.0755176393
INSL4,4.8122231546
GPS2P2,3.2973304482
ENSG00000261379,2.7170789604
IGLV3.30,2.8223738301
ENSG00000242686,2.3340321791
F2,3.7406452512
IGHV3.73,2.158935674
ALX3,4.1869099384
SPRR1A,3.2873356302
IGKV2.29,2.7488308095
ENSG00000273933,3.2736726475
ENSG00000231324,3.623987742
IGLC4,2.9571032857
TMEM211,2.2648598014
DPP10.AS1,2.5087722876
ENSG00000240086,2.9542746645
LINC02156,2.5450295883
LINC02532,2.4211659437
LINC02688,2.4102949142
ENSG00000275361,2.505335285
KRT81,2.389025364
IGLV1.62,2.4634473524
ENSG00000250378,2.9376608191
FAM86LP,2.3288459187
LINC00543,2.1482862016
SLC7A9,2.0998572793
CSTL1,3.3560455474
ENSG00000229393,2.3872939945
RGS7,2.5395420568
SHISA8,2.0279562591
LINC02495,2.1485705929
RNF225,2.0316136185
ENSG00000232006,2.6350666068
ENSG00000267881,2.6037525871
TBX18,2.4637185622
ENSG00000258670,2.8504111255
LINC02163,3.6918805477
MIR642A,2.0106054639
SLCO4A1.AS1,2.1280815908
IGKV2.4,2.219007243
ENSG00000244310,3.0942243902
IGHD3.9,2.3819466946
ARL2BPP4,2.4550957313
TFPI2,2.3400438449
NCCRP1,2.2579901523
OR7E22P,2.5738560908
ENSG00000238107,2.7437643175
AKR1D1,2.1816290825
S100A7,3.5765254936
ENSG00000203635,2.0091631714
LINC02475,2.7772188807
KIF3AP1,2.668810626
ENSG00000251320,2.7719862765
DLX6,3.0634825118
ENSG00000276462,2.1518661665
TDRD5,2.1691455975
LINC00589,2.0330047978
IGKV2.26,2.289412608
MIR4713HG,2.8750875743
CLPSL1,3.0682174256
LYPD8,2.7758714523
LRRC14B,2.4415430078
ENSG00000257512,2.0504528653
EPHA8,2.8194300839
ALG1L3P,2.9977010125
ENSG00000280179,2.6760025291
ENSG00000276490,3.2197030175
HIST1H2AE,2.0230220779
ENSG00000243944,3.172017527
AGGF1P1,2.2949618504
ENSG00000249631,2.026431152
MAGEA3,4.7459791109
ENSG00000275613,2.3478239855
NKX6.1,2.0957981584
LINC01208,2.6409725339
ENSG00000266830,3.4315529184
ENSG00000258088,2.4834324567
ENSG00000258446,2.0438155604
ENSG00000231748,2.05884227
ITGB1.DT,2.0488003362
LMX1B,2.1990947841
IGKV3OR22.2,3.051878638
LINC01594,2.5580545595
ETNPPL,4.1105294951
BPIFB2,3.0775508969
IGKV1OR2.2,2.9499420804
ENSG00000267778,2.0934463167
ENSG00000280655,2.7179482924
ENSG00000279791,2.0551424967
AKR1B10P1,4.7113033596
TRPM2.AS,2.0984493674
ENSG00000261584,4.0062205459
IGHV7.34.1,2.2211971329
ENSG00000260725,3.7569507871
ENSG00000236833,2.0631191082
ENSG00000246790,2.1202593797
GRM4,2.0108778569
SLC30A2,2.0836003392
IGHV1OR15.1,2.6527608952
ENSG00000249406,2.1114131241
ENSG00000234695,2.5584631174
NCAPD2P1,3.093749447
TAF7L,2.1809265459
FOXE1,2.6551041652
CYP2C19,3.1300637011
HIST1H2BF,2.6490071519
ENSG00000237643,2.5305173748
ENSG00000230623,2.0008004315
TEX55,2.8156898195
ENSG00000225173,2.0649768087
MGAT4EP,2.2479102292
EVX1,3.5601999961
BNIP3P10,2.0409742709
INHA,2.5351629517
ENSG00000228142,2.2889486642
LINC01968,2.2016524047
LINC02418,4.4436542627
LINC01971,2.4484450344
ENSG00000219159,3.4189755529
ENSG00000124915,2.4010889292
HIST1H2BH,2.2930555511
TAAR3P,3.2837183865
IGLCOR22.1,2.8387587809
GNG4,2.1447196786
ENSG00000250850,2.2930195612
MYPN,2.5225081195
ENSG00000273442,2.3190819641
IGKV1D.35,2.5228592481
ENSG00000271680,2.0540021629
ENSG00000231482,2.5256566398
NT5C1A,2.4714823353
SLC25A5P5,2.1801461766
ENSG00000230533,2.9349088327
IGHV3.16,2.1254965561
ENSG00000259663,2.783422058
LINC02029,2.6350768631
ENSG00000261240,2.2526026428
HIST1H2AD,2.1782419964
UBE2U,3.261321963
KIF1A,2.7417647823
RNU4.52P,2.09536996
ENSG00000232524,2.8022144648
ENSG00000274835,2.6242674353
ENSG00000250546,3.3494723273
UGT1A1,3.8644924091
TCAM1P,2.4615580535
FAM230I,2.619430315
PROM1,2.0547792848
DUSP5P2,2.2459679571
IGHD2.2,2.4953731599
ENSG00000231418,5.424570702
GABRA3,3.2695377446
ENSG00000262198,2.3821352898
STEAP2.AS1,2.2588963395
ENSG00000269986,3.3829721635
ENSG00000230725,2.5257449989
ENSG00000249379,2.008047857
ENSG00000232306,2.3521275438
ENSG00000231270,2.6978888305
NKAIN3.IT1,2.9698613635
RPS16P9,3.2801868672
KCNA7,2.0543136017
TLX2,2.0537318687
DRGX,2.4033903911
MIR663AHG,2.0832781222
IGKV2D.18,2.4899086337
ENSG00000259306,2.9216757638
ENSG00000224963,2.005617793
IGLV7.35,2.7750086326
ENSG00000253593,2.5202536593
ENSG00000255692,2.1000922377
EPS15P1,2.4091728772
ENSG00000261296,2.4159610354
ENSG00000267922,2.8736440187
DKK4,3.2848204862
IGHD,2.0654098141
HCN1,2.5592767322
LINC00501,2.9144707554
ENSG00000267015,2.2161656933
ENSG00000237286,2.1022433233
ENSG00000255983,2.978627489
DPYD.AS1,2.3328415682
KCNU1,4.3995341901
DSG3,2.7333477374
ZNF648,2.5179060363
FETUB,2.9367165929
POM121L2,2.4002844314
SLCO1B1,3.6661137346
GKN1,3.9535654043
DPP10,2.0360132934
GOLGA2P11,2.5274646511
KRT3,2.4850668623
AHSG,2.9321001969
HOXC.AS1,2.4200711989
ENSG00000222022,2.1280498493
IGHV3.29,2.4662501186
ENSG00000235934,2.5659183554
ADH1C,2.0628026391
IGLV3.15,3.0056299395
TMEM151A,2.1085765202
SIRPG.AS1,2.0501611718
ENSG00000214301,2.0429468667
ENSG00000278642,2.1910261053
LY6K,2.1065890704
IGHV1OR15.4,2.7873560874
ENSG00000225840,2.8899158798
USH1G,2.3704221663
TMPRSS11D,2.5651260315
LINC01748,2.7260468323
ENSG00000253535,2.0317662864
LINC02331,2.3990551238
ENSG00000231868,2.091967418
ENSG00000251893,2.520515663
ENSG00000237070,2.7623412625
SMIM32,2.9534594191
ENSG00000259828,2.6920547312
ENSG00000259727,2.3102117951
ENSG00000257403,2.1484739596
KRT16P6,2.4462748957
LINC02387,2.3154940364
ENSG00000258346,2.7584911885
ENSG00000267714,2.8211047392
ANXA13,2.3266835013
KCNK10,2.3275577459
ENSG00000236064,2.4467364202
MIR4284,2.3654519073
ENSG00000241456,2.6377640593
DMRT1,2.9876635377
GAL,2.1969280361
ENSG00000274139,2.5009417869
KRT17P1,2.219388863
XAGE1A,2.4439190164
ENSG00000222001,3.8287365193
IGKV1D.13,2.0358550277
ENSG00000253632,2.1952307492
NCAN,2.0042870669
SLC6A3,2.2116754772
RPS6P12,2.9512682204
ENSG00000253665,2.743313056
C11orf53,2.7162390653
FER1L6.AS2,3.4791731069
ENSG00000226355,2.3600251624
ENSG00000248545,2.9873343745
RPL32P33,2.2137090072
IGKV2.18,2.049560725
ENSG00000269779,3.2163954155
ALOX15P2,2.6159157438
ENSG00000266306,2.6703511913
ELAVL2,2.0758915765
TAF1L,2.1275064394
LINC00942,2.2400664672
LINC01449,2.1008451564
LARP1P1,2.0734726847
ENSG00000248358,2.1743561017
HOXC12,4.5123407616
LINC01344,2.1968847183
DSG4,3.1669171627
LINC00676,5.7206873618
PAH,2.4646612697
SOX14,4.3297363366
C1orf61,2.0121138928
VDAC2P3,2.0019104238
LINC00939,2.6871257729
UBTFL8,2.5630233783
NAT16,2.251904186
ENSG00000251517,2.1007491469
PRB2,2.6852434772
FOXD3,2.338367415
DCAF12L2,2.4077318013
PRAP1,2.1369635219
CHAT,3.8998816085
PRDM13,3.2869987729
ENSG00000279565,2.0363921691
AKR1C4,2.4795500444
ABCC12,2.0294824775
ENSG00000258691,2.1547997823
RPS3AP53,2.0133604559
MAGEA12,4.031502048
SLC18A3,3.9794280194
SLC2A2,4.1729788808
GPR12,2.6836200427
ENSG00000277210,2.3816403952
LINC02347,2.9740503611
CYP26A1,2.0439501673
ENSG00000263588,3.0202367593
ENSG00000261959,2.0555042024
ENSG00000260763,3.5688215647
LINC02588,3.0856618811
IGHV3.33.2,2.1149828207
PRR32,2.6473912236
ENSG00000214759,2.3133066382
HOXA11.AS,2.6109766935
ENSG00000272942,2.3975159461
ENSG00000275576,2.0599019336
LINC00491,3.145477321
SCGB2A1,2.1066694007
IGLV3.17,2.4390852148
ANGPTL3,2.1612256452
DIRC1,2.1944287925
KRT17P2,2.2163392229
PRB4,5.0683864263
PLCZ1,2.7214877287
CGB8,3.7633468821
IGKV1OR9.1,2.5383760076
DMRT3,2.1730252563
OTOG,2.7572326118
CYMP.AS1,2.8182567142
ENSG00000274895,2.5990810558
ENSG00000278342,2.2709976654
ENSG00000269043,2.3463906234
ENSG00000276759,2.380725369
CRYBA2,2.5874309601
ENSG00000261289,2.2993695615
DCX,2.6528044619
ENSG00000223999,2.3936478235
NPFFR2,2.4812472138
ENSG00000255960,3.3186407124
ENSG00000278041,3.4535696118
GABRG3,2.551146816
PLK5,2.3200406823
PRAC2,3.4019023013
MROH2A,2.0980300578
IGKV2D.26,2.5785979554
ENSG00000214797,2.1367958904
CAPZA3,3.1413860347
IGLV11.55,2.0795719799
CELF3,2.2462913388
LINC02468,2.3041283828
LSAMP.AS1,3.1334500358
ENSG00000233589,2.1360616388
ENSG00000260525,2.5830271215
IGF2BP1,2.3731201485
DUSP13,2.0583688238
AMTN,2.1959836492
ENSG00000260611,3.9968709223
ACTBP12,2.3936369342
KRT75,3.0773537283
RNU6.1042P,2.6268309917
SERPINB13,2.6869586413
ENSG00000259723,2.2194567872
ENSG00000225107,2.6596027366
ENSG00000242575,2.703341687
ENSG00000224271,3.3201167797
ENSG00000237862,2.2610991868
ENSG00000226097,2.405204091
DEFB131E,2.0796469172
SLAMF6P1,3.1525259929
ENSG00000275315,2.7889536038
MIA.RAB4B,2.7367793552
VRTN,2.1851016165
ENSG00000253891,2.1034221888
LHX1,2.9935621534
HHLA2,2.1118461239
CASP14,4.106431553
ENSG00000226423,2.0346920987
ENSG00000280171,2.9153938826
ENSG00000220702,2.3431229137
LINC01502,2.6522962497
ENSG00000224817,2.7405823261
SOX1,4.1693289259
MIR4527HG,2.6828795646
ENSG00000266968,2.6858462649
LINC02065,2.122340964
ENSG00000235300,2.4400534477
IGKV6D.41,2.2398777129
SULT1C2P2,2.3530567785
ENSG00000257046,3.2936819935
ENSG00000227711,2.0195538428
TMEM75,2.045576393
ENSG00000232594,2.4961125298
KCNQ2,2.3088146135
ENSG00000280023,2.1582134739
IGHD6.25,2.1058510139
ENSG00000228626,2.396755216
IGLVI.20,2.3442415767
MSMB,2.299238379
NXPH1,2.2998762545
ANTXRL,2.1544095633
ENSG00000270401,2.4583621406
SCARNA22,2.3413840047
ENSG00000267243,2.2203975957
CPS1,2.2308179418
NOTO,2.385092064
ENSG00000199866,2.0526047908
ENSG00000267056,2.1798075034
SMIM23,2.0174994115
BSNDP2,2.2346006148
PLUT,3.638771963
ENSG00000254163,2.3739970251
IGKV3D.25,2.4187796129
LINC01910,2.4702293446
LINC02395,2.0820313728
CHRNB3,2.0303667508
ENSG00000234211,2.0538722341
LINC02477,2.3620863843
ENSG00000230834,2.3929004636
ASCL3,2.1021828739
IGLV8OR8.1,2.0757265889
OR13K1P,2.3471119398
CYMP,2.4286973009
CRHR1,2.2674561044
IGKV2OR2.2,2.3538446339
GATA4,2.4665840139
ENSG00000220891,2.1374797842
POU6F2.AS2,3.2422110349
CDKN2A.DT,2.1998637097
ENSG00000274281,2.3532279812
MIR137HG,2.659695959
IGHD3.16,2.1280748039
HOTTIP,2.916651268
IL19,2.0217118977
ENSG00000232456,2.0077089161
ENSG00000259990,2.1609603933
ENSG00000231713,2.6223684704
ENSG00000277619,2.0485014594
TRPC7.AS1,2.5904210949
MC2R,2.185329902
CLDN6,2.1111926728
IGHVII.51.2,2.3157803056
ENSG00000259878,2.434599425
ENSG00000249295,2.06410683
MIR4507,2.0664427811
IGKV1.35,2.0800994539
LINC00973,2.4959644515
ENSG00000225532,2.1351412717
ENSG00000227579,2.3815835153
MAGEC1,3.1657781252
ENSG00000234768,3.1412830669
LINC00682,3.0162169243
WDR87,2.1404225194
CHRND,2.0678749639
NAALADL2.AS2,2.3758395976
TMEM229A,2.4158796884
ENSG00000249413,2.6305273645
ENSG00000232482,2.0522977581
PURPL,2.3477959303
FAR2P1,2.7719360273
ATOH1,4.0542565034
RTL1,3.1277216638
ENSG00000263655,2.3134133123
LINC01593,2.6371329932
ENSG00000279136,2.2818587205
ZNF444P1,2.1934034857
ENSG00000254704,2.0510839126
UGT2B28,2.9339614011
C4BPAP2,2.4539851289
MAGEC2,3.5276026475
IGHV7.40,2.3835155377
IGKV1D.32,2.527793391
ENSG00000224245,2.2364066906
ENSG00000242540,2.853337295
KRTAP2.3,2.4535191054
LINC01305,2.4494003673
ENSG00000259200,2.0669280081
LINC00466,2.1866305052
ENSG00000277748,2.709047293
ENSG00000260146,2.0360978456
UPK1B,2.3190900797
IGLVIVOR22.1,2.0992418758
ENSG00000256982,2.013782887
PYDC1,2.2768644682
UGT1A6,2.2613815867
ENSG00000236212,2.1026991271
IGKV1D.22,2.2759808812
ENSG00000254442,2.8405994523
ENSG00000176984,2.0062177334
LHX8,2.8633295272
ENSG00000274520,2.346452126
LINC02090,2.0046704154
FAM133A,2.0417719753
TOP3BP1,2.0135441377
TUSC8,2.5217229674
ENSG00000224417,2.492963592
LINC00518,2.5273547247
ENSG00000235131,2.0982017409
LINC00705,2.3955785481
LINC01206,2.1039744223
ENSG00000279617,2.1134560325
EDDM3A,2.0804211321
SP3P,2.3573400447
UGT1A7,2.6408937002
LINC01980,3.2938229018
PRB1,4.47358478
TAS2R38,3.1096286095
SLC17A4,2.9845717182
BPIFA4P,2.9586266798
FGF5,2.0231920126
PRSS55,2.0139359957
ENSG00000277311,2.2742230542
ENSG00000260677,2.0525741473
SNX18P2,2.2178623517
ENSG00000224899,2.3929008167
OR10AH1P,2.1001420077
LIPK,2.3207729523
MYCNOS,2.0530095152
CALML5,2.7095197977
NGB,2.8267853824
ENSG00000258535,2.0513819655
ENSG00000257035,3.479331027
OR4C6,2.2812697525
IGHD3.10,2.0251148173
LINC01022,3.0486774847
ENSG00000226991,2.1072238647
ENSG00000255325,2.1328569957
CYCSP6,2.4247423059
ENSG00000253477,2.5114474048
MTDHP4,2.0530882605
ENSG00000201464,2.148283766
ABCG8,2.0647956231
HOXA11,2.1183413496
MTND4P19,2.2587263539
IGHD2.15,2.0437434311
GABRA5,2.5526647804
FOXL2NB,2.3309391105
SERPINB3,2.0999196913
ENSG00000224984,2.2716022545
SALL3,2.1795948455
MAGEA6,3.2848254123
ENSG00000249199,2.5812080837
CLPS,2.2922941547
NWD2,2.3699030977
UGT1A8,3.3890318551
ZMAT4,2.0212691602
ENSG00000233919,2.0413775938
LINC01385,2.7811421761
ENSG00000281386,2.0197482011
ENSG00000234647,2.1668124623
S100A7A,3.0357697015
ENSG00000217455,2.2537477377
ENSG00000274549,2.5218439434
GCNT1P4,2.0478543835
ENSG00000186723,2.1499428715
FOXL2,2.1582211379
SPRR2F,2.2917665721
ENSG00000261298,2.0290720859
ENSG00000230328,2.0436251021
MIR5689HG,2.2002218988
LINC02490,2.4775427612
FAM83C,2.1249103912
ENSG00000259457,2.3322634082
ENSG00000269745,2.779356405
CEACAM18,3.7502679107
SEMG1,2.8309725062
ENSG00000269729,2.1171149365
LIPF,2.3209011754
ENSG00000236347,2.2280911944
ENSG00000267706,2.2380540872
ENSG00000279712,2.2243268978
ENSG00000242593,2.5227897493
ENSG00000230516,2.3740354914
ENSG00000229642,2.8334933929
LINC01411,2.2406542245
LINC01098,2.1194383979
ENSG00000257654,2.1445112832
PCDH8,2.1979570116
ENSG00000260289,2.189658872
PNMA6B,2.2126488524
SLCO1B7,2.6170764888
GFY,2.017934799
SKOR2,3.0777695491
LINC01956,2.5607864016
SERPINA11,2.0369969638
ENSG00000269274,2.0309874201
ENSG00000224322,4.5318281191
ENSG00000248973,2.435654957
ENSG00000224260,2.1591819866
ENSG00000281008,2.0341142958
NEUROD1,2.6763546935
ZNF280A,2.1755288344
PRSS56,2.0391325597
RPTN,2.2440686143
CLEC3A,2.4897012903
LINC02448,3.408638573
LINC01807,2.0559620672
FBXL21P,2.366245234
PHOX2B,2.578955858
ENSG00000248635,2.7260078429
ENSG00000227745,2.0123996289
RNU6.140P,2.2240128715
CRCT1,2.6040675976
ENSG00000228162,2.257903128
ENSG00000225330,2.1336937734
SCGB2A2,3.2757196897
ENSG00000248515,2.2596547138
ENSG00000255305,2.3943555255
ENSG00000236235,2.7092453104
COX7B2,3.1567934862
SULT1C3,2.5486673084
LINC01667,2.6624811395
ZIC3,2.491727356
BNIP3P7,2.8730177768
ENSG00000261146,2.842412508
ENSG00000267284,2.1606299207
ENSG00000197550,2.1677123071
ENSG00000260542,2.0230717253
ENSG00000279442,2.2816153651
ZNF736P9Y,2.8494143384
ENSG00000276122,2.4601767993
REG3A,3.090269318
LIN28B,2.4379747899
PRSS3P1,2.1178539797
GNAT3,2.6453681382
AQP12B,2.2984384796
ENSG00000279429,3.3895175034
SST,2.0988818891
ENSG00000254000,2.6074351468
HMGB1P38,2.1824913911
ALPI,2.1168065987
BPIFB6,2.0014230475
BNIP3P2,2.5839719347
ENSG00000269706,2.1407743335
ENSG00000254906,2.1164907322
PABPC1L2B,2.3055849148
LINC01210,2.2323053114
EPAS1,-2.419100335
SPAAR,-2.406897965
EMP2,-2.399815633
STX11,-2.4696726124
ACVRL1,-2.0588778499
RGCC,-2.3075727716
WWC2,-2.0140074123
S1PR1,-2.217481984
SEMA3G,-2.5393493572
RAMP3,-2.5099595632
RTKN2,-3.0972819334
RAMP2,-2.3462912114
TEK,-2.4646935506
FAM107A,-3.4332767116
HSPA12B,-2.0864764414
EDNRB,-2.7200276163
CD101,-2.2579864851
ARHGEF26,-2.4127248789
ROBO4,-2.1661785403
SPOCK2,-2.6215681723
CALCRL,-2.2335895368
LIMS2,-2.0427604885
PRX,-2.4741107468
CAV1,-3.0182460512
MIR3945HG,-3.2388020601
ENSG00000228401,-2.7131808307
C20orf202,-2.1645058433
ENSG00000213144,-2.2162675617
ANGPT4,-3.3309289247
FCN3,-3.3584285473
CAVIN2,-2.5918707958
SLC6A4,-4.7063183496
ENSG00000238018,-2.5169851126
ENSG00000224215,-3.6437367306
MYZAP,-2.3740718099
ENSG00000250899,-2.0342368967
LYVE1,-2.6457263454
FABP4,-3.910402976
TENT5B,-2.5601277515
ALAS2,-3.8798686521
HBB,-3.7932960203
LINC01082,-3.5735899035
TMEM100,-3.4967122897
SLC39A8,-2.0274602615
COLEC10,-2.9248700533
ENSG00000225938,-2.0109853105
SLC4A1,-3.2918995315
PTPRB,-2.0669625595
CLEC3B,-2.8395296389
TNNC1,-2.973041911
FPR2,-3.1540717643
ADRB2,-2.2847921444
THBD,-2.1284272091
SGCG,-2.8903835612
RXFP1,-2.4566032442
FMO2,-2.2776693198
NCKAP5,-3.1912138412
CAV2,-2.2967918815
LANCL1.AS1,-2.9730947877
LINC00656,-3.0883730601
SOX17,-2.1559422698
EMCN,-2.1027510844
AGER,-3.5689814063
VIPR1,-2.3814675026
FHL1,-2.1933647333
CSF3,-4.494941194
GYPE,-2.3402869971
CD5L,-3.6161151464
LINC00968,-2.5383812441
MCEMP1,-3.3850633677
ST6GALNAC5,-2.3278268454
CCDC85A,-2.4928260062
GPD1,-3.0102870036
SOX7,-2.1131573681
LIN7A,-2.5949938178
TUBB1,-2.4771427776
HBA1,-3.6019501184
ANOS1,-2.2579260236
HIGD1B,-2.140987522
GPM6A,-3.5817473063
HBA2,-3.2744263763
AKAP2,-2.1826571409
SEMA6A,-2.0945390278
HBEGF,-2.039675617
NDRG4,-2.3301050329
ANKRD1,-3.9691934444
PRKG2,-2.4402968391
IL6,-3.0588769128
CLIC5,-2.7272121314
FENDRR,-2.6146892279
MME,-2.9492482378
SIRPB1,-2.3152294246
EXD1,-2.8153381881
ENSG00000228692,-2.6372271695
CLDN5,-2.3246908722
SYNPO2L,-2.5745859571
SCUBE1,-2.6446854473
GPX3,-2.2262608027
STXBP6,-2.6108843859
MSR1,-2.1503798776
ENSG00000236304,-2.1273437946
GLDN,-2.3583030501
NECAB1,-2.3165177595
CLEC4M,-3.7488479661
OLR1,-2.2594876306
ENSG00000268505,-2.9018192313
ST8SIA6,-2.5917144201
RS1,-3.0053877392
OVCH1,-3.153511332
ENSG00000232328,-4.2979545393
SLC19A3,-2.5268104124
SEMA5A,-2.0867497509
AGRP,-2.572562023
DNASE1L3,-2.7759923562
ENSG00000261604,-2.0686697241
FAM189A2,-2.1494697638
INMT,-2.2907589333
ENSG00000257894,-2.846313498
ENSG00000267607,-2.4025347562
ADGRE1,-2.4333585405
RGS9BP,-2.284216589
ITLN1,-3.7391458009
PKHD1L1,-2.548086881
VSIG4,-2.1329229602
WNT3A,-2.9998550719
ADRB1,-2.7930278996
LINC01506,-2.1473015075
FREM3,-3.3012528281
CCIN,-2.2032123496
S100A3,-2.0971386889
DPP6,-2.4819352093
ENSG00000260908,-2.9902880372
ARC,-2.5938505338
MT1M,-2.8260197018
LINC01290,-2.0471666004
ZBED2,-2.2409548921
PADI4,-2.56457262
ENSG00000230498,-2.3563686167
PTPN5,-2.8097866941
ENSG00000249364,-2.8692264409
SSMEM1,-2.9651597538
LINC02154,-3.2941684063
MED4.AS1,-2.0649955003
HAS1,-3.2422533667
HBM,-3.7274779352
GPIHBP1,-2.3799663275
ENSG00000266120,-3.5391596881
ENSG00000267095,-2.3090317931
CA4,-3.0931188844
CDO1,-2.02764934
CD300LG,-3.1885095503
SELE,-2.5836760147
FGFBP2,-2.9497490297
ENSG00000237813,-2.7351278452
ENSG00000269711,-3.4604660463
ENSG00000255330,-2.2649509767
ENSG00000275830,-2.3540881519
ENSG00000256948,-2.5087723285
FOLR3,-3.5410573939
ENSG00000253177,-2.4944303391
ADGRE3,-2.1279159242
PCOLCE2,-2.5482196534
PTX3,-2.511453569
NTM,-2.0727117825
CXCR2,-2.0352555306
ENSG00000248551,-3.4513022726
BDNF,-2.6879350529
ENSG00000244953,-2.0651682199
KL,-2.324116214
TNR,-2.6963076744
SH3GL3,-3.2933126239
ENSG00000232618,-2.3515559451
ENSG00000237167,-3.3736631272
C10orf67,-2.5229603473
LINC02016,-3.4847359639
CD36,-2.1158592314
LINC01081,-2.1044371187
ENSG00000278971,-3.1313821052
CAMP,-2.6751965721
HBG2,-2.440274172
LINC01996,-3.0991053651
BEND2,-3.0543460944
S100A12,-2.7945820843
CXCL2,-2.0850766595
LINC00163,-2.3892930889
ENSG00000224721,-2.6428362429
CCDC54,-2.1682959695
CXCR1,-2.3461590128
IL1RL1,-2.9373902055
MT1A,-3.0954559109
ENSG00000257604,-2.8745817764
TMCO2,-2.260949676
SLC14A1,-2.0826865705
ENSG00000236054,-3.4054474869
ENSG00000257002,-2.0296119393
TMSB15A,-2.5659781503
MYOC,-2.5887391181
LINC01863,-2.7545492058
ENSG00000264125,-2.8180146823
OR6K3,-3.2219674441
SSTR4,-2.8326401086
ANGPTL7,-3.1042921619
ENSG00000250041,-2.0584096868
ENSG00000279662,-2.2750352374
ADAMTS8,-2.0474956784
CCDC141,-2.3362055701
SBSPON,-2.0863960303
WFIKKN2,-2.6620491111
TRIM58,-2.9763570557
CHRM1,-2.8188288769
LINC00551,-2.2504246573
SLCO1A2,-3.786998382
PLAC9P1,-2.0613893885
LINC01447,-2.1729707627
PARAL1,-2.7374916793
ST13P20,-2.6982182314
CNTN6,-2.6775380823
NCAPGP2,-3.1501068771
ENSG00000234754,-2.5064924388
UPK3B,-2.5638424775
ENSG00000278702,-2.0570050121
ALKAL2,-2.0694654121
LRRN3,-2.0145127757
MARCO,-2.1656903641
SERPINA2,-3.9505512717
PCARE,-2.987479289
MYH2,-2.3978756465
LPL,-2.2006049678
ENSG00000279137,-2.4553656518
ENSG00000234646,-3.2287321628
LINC00211,-2.1634693326
ENSG00000275178,-2.0732074462
ACADL,-2.1663476747
ITLN2,-3.3707175088
RPH3A,-2.2074797069
DAO,-2.0770076028
AWAT2,-2.9554774235
LINC01165,-2.1668087136
SLC6A13,-2.1074753546
GP9,-2.3394053882
CACNA1S,-2.9809215481
FAM189A1,-2.181502332
LINC02605,-2.0800282489
C2orf91,-2.2076196238
VEGFD,-2.2323455104
FCGR3B,-2.0208725422
ECEL1P2,-2.5078435257
ENSG00000214888,-3.9264513716
LGI3,-2.8899782058
LINC02570,-3.2893837917
CCBE1,-2.2092413681
ENSG00000253821,-2.6652526093
GRIA1,-2.3188996582
RNF182,-2.1000185401
SFTPC,-3.2405052729
PPBP,-2.8942654131
ENSG00000276170,-2.1148809282
C8B,-3.0661551401
RNU6.917P,-2.1196850136
ENSG00000236341,-3.680547376
ENSG00000276668,-2.4585255468
HTR3C,-2.9577252606
FAM183DP,-2.5745166039
ENSG00000272411,-2.0402163423
RBP2,-2.4848798538
ENSG00000273664,-2.7029623294
ENSG00000267774,-2.9675555275
CCL24,-2.0805239596
OTC,-2.3891293027
ENSG00000236013,-2.2648552849
ENSG00000265799,-2.1599340525
SOSTDC1,-2.6028073675
PI16,-2.0655214787
CYP1A2,-3.3996346041
CLEC6A,-2.0322261742
RETN,-2.2298536053
KCNA4,-2.5928092328
ENSG00000275612,-2.4274421758
RPL13AP17,-2.7085698217
RPL23AP32,-2.09116681
PCDH9,-2.0229981907
TINCR,-2.1071432816
LIM2,-2.4630596666
ENSG00000254951,-2.4479710285
TRHDE,-2.5192752068
ENSG00000274331,-2.8200781023
FOSB,-2.2642397817
LINC01738,-3.3977230154
CHRM2,-3.0253389574
SERTM1,-2.9448970731
CHRNA2,-2.4204092551
LY6G6F,-3.2074802979
BCL9P1,-3.0642161231
PPP1R17,-2.6860310437
ENSG00000237870,-2.0083021874
GALNT13,-2.1772185926
ENSG00000278095,-2.0748515879
MYO16.AS1,-2.8399235545
FILNC1,-2.0005284059
ENSG00000260310,-2.0820395318
OR2W3,-2.717294889
PACRG.AS3,-3.1913234726
ENSG00000243384,-2.3795713998
ENSG00000229912,-2.4672356996
AQP4,-2.0620022841
PICSAR,-3.0272268458
HBD,-2.0440052068
LY6G6E,-2.6889993991
LINC01169,-2.3071186733
ENSG00000224228,-2.2948187597
SEL1L2,-2.2229235937
ENSG00000224675,-2.3012489998
MED28P8,-2.9929139106
RNU6.955P,-2.6303549721
ENSG00000235126,-2.9051259829
ENSG00000276850,-2.0677313293
DEFA3,-3.3051814877
HHIP,-2.2386504407
KLB,-2.2505817289
LINC00165,-3.1802708691
NALCN.AS1,-2.1112014374
SH3GL2,-2.5372561143
STARD13.AS,-2.4978040667
DGKK,-2.7311547053
MT1JP,-2.2624779179
ENSG00000198358,-2.295288777
CDH19,-2.1679399743
ENSG00000232234,-2.3892866733
MGAT4C,-2.3889809949
ENSG00000259754,-3.0432479666
AHSP,-2.2671065879
BANCR,-2.3330716792
LINC01070,-2.8379544191
PTPRQ,-2.0210057815
ENSG00000256609,-2.5563124864
ENSG00000241956,-2.6327137334
TBC1D26,-2.3141489185
ENSG00000229616,-2.4975426862
PEBP4,-2.1128499771
ENSG00000243220,-2.9121900775
ENSG00000259094,-2.8394835872
LINC02346,-2.6897022484
ENSG00000233884,-3.0457249705
ADCY8,-3.0192269776
PLPPR5,-2.1415452146
WFDC12,-2.5951111609
FGF10.AS1,-2.5291704182
SLC26A3,-2.1740083527
KRT4,-2.3754238583
SLC27A6,-2.4377774923
ENSG00000233002,-2.94572531
ENSG00000231698,-3.3402581415
KIR3DL1,-2.1600094676
ENSG00000231505,-2.0537426494
ENSG00000273760,-2.1299681145
ENSG00000224525,-2.0845841296
ENSG00000239268,-2.186958377
TRGJP2,-2.0759729551
ENSG00000226886,-2.3556704565
ENSG00000249453,-2.2495066058
ENSG00000273877,-2.1383522355
ENSG00000255147,-2.0133429139
ENSG00000234763,-2.2889276247
LINC02552,-2.2332527987
MIR4717,-2.4458892431
GKN2,-2.5838777107
SOST,-2.4282461711
NOS1,-2.2585379425
ENSG00000267501,-2.0824039175
ENSG00000253507,-2.559453187
ENSG00000281160,-3.1062434923
ENSG00000234117,-2.0341514427
ENSG00000226835,-2.3491502303
ST13P2,-2.0584057016
LINC02197,-2.9030855819
DEFA4,-2.8291510566
ENSG00000235389,-2.345114531
XIRP2,-2.2259841023
FAM71A,-2.8177507316
RNU5E.8P,-3.6509558346
OR2S1P,-2.1337895166
ALPP,-2.041445944
RGR,-2.4775660256
ENSG00000255133,-2.2703310082
LINC01028,-3.5195199765
ENSG00000259285,-2.1981910706
GDF2,-3.5133484536
ENSG00000232188,-2.0765758596
TKTL1,-2.1426290773
ENSG00000253376,-3.0936862874
DUXA,-2.8520638182
CHIAP2,-2.3533389317
AGTR2,-2.0069992239
RXFP2,-2.1377405306
EPGN,-2.0965066905
BEX1,-2.034281341
NIFKP8,-2.2143784479
ENSG00000234132,-2.5860687478
ENSG00000234436,-2.2543454224
AMER2,-2.175996604
CA1,-2.0305469519
HELT,-2.3853157059
CRH,-2.4263081838
ENSG00000225391,-3.3243120762
LINC01166,-2.1916784167
RNU6.967P,-3.3180080133
ENSG00000258084,-2.3100469257
CYP1A1,-2.7857238093
C13orf42,-2.1778867102
FABP12,-2.1686129702
ENSG00000255079,-2.7690012157
ENSG00000235427,-2.014745728
HBQ1,-2.0555777687
ENSG00000250137,-2.2275140468
QRFPR,-2.1094237303
ENSG00000248870,-2.5926555667
CLDN24,-2.0487844863
ENSG00000236129,-3.3571997149
TRGJP1,-2.1372698552
OR6K4P,-2.5791026031
GUCA2A,-2.1345048781
ENSG00000253775,-2.2046541281
ENSG00000270593,-2.4451741416
ENSG00000250431,-2.3191642794
OR5E1P,-2.104009883
ENSG00000250626,-2.1329736226
ENSG00000223342,-2.3112950516
LINC01811,-2.1862155328
RNU6.633P,-2.1275951356
CABP5,-2.4795426869
APOA5,-2.1178001228
RPL36P2,-2.2989287568
PRR9,-3.083302131
LINC02360,-2.406415224
MEF2C.AS2,-2.0194003319
ENSG00000249106,-2.9749444666
ENSG00000254883,-2.0228706776
ENSG00000260166,-2.4434794421
ENSG00000266450,-2.9437824518
CTSLP8,-2.2071483974
ENSG00000261472,-2.1692878587
TACR3,-2.3346558939
ENSG00000250860,-2.7717957906
SPHKAP,-2.070605594
TBC1D28,-2.1773074607
ENSG00000231758,-2.1477757994
ENSG00000254789,-2.1385198023
GYPB,-2.4327325457
ENSG00000252112,-2.5549239412
GPC5.AS1,-2.2687866345
ENSG00000279796,-2.1317102975
RPL21P23,-2.3272174735
ENSG00000259636,-2.53890975
ENSG00000235615,-2.3416620744
ENSG00000251325,-2.4571121114
SPATA19,-2.1284155085
SLC22A8,-2.0675087497
ENSG00000279512,-2.2399352018
KLK3,-2.3950280841
ENSG00000279305,-2.2369055712
LINC00616,-2.3795479228
ENSG00000250280,-2.1266969234
SRY,-2.8156351301
NCKAP5.AS1,-2.4448688929
ENSG00000275826,-2.1735810724
ENSG00000237654,-2.6080122671
MYL1,-2.7640760671
DPPA2P4,-2.2792243223
ENSG00000238201,-2.25593316
MTCYBP23,-2.3545057978
ENSG00000271624,-2.5594543435
ENSG00000238276,-2.6361125236
ENSG00000236115,-2.2995482727
LINC02241,-2.2540785783
RBMY1KP,-2.5675483782
CT45A10,-2.5852811541
LINC02232,-2.1152304496
CT45A1,-3.0964915245
LINC01785,-2.2224423877
OR6N1,-2.200837063
MS4A12,-2.3848459069
ENSG00000227556,-2.0054356086
ENSG00000264080,-2.1338646244
CARTPT,-2.3652138518
MTND5P32,-2.2670970946
ENSG00000237612,-2.3017448661
RNU6ATAC12P,-2.5260954932
ENSG00000259600,-2.026021946
UMOD,-2.2871743117
CLRN2,-2.1296227836
AKAP4,-2.0702226076
ENSG00000200998,-2.2889802462
ENSG00000213167,-2.092509151
HBG1,-2.893485594
ENSG00000225612,-2.002590378
ENSG00000227537,-2.2286123735
ENSG00000229311,-2.9773812587
ENSG00000235862,-2.5980982349
ENSG00000254321,-2.0279305595
ENSG00000256181,-2.0808589034
ENSG00000257165,-2.2470186735
LINC02330,-2.9742104838
ENSG00000259730,-2.9009060541
ENSG00000262995,-2.0906563803
ENSG00000271758,-2.0776621209
